<?xml version="1.0" encoding="utf-8"?>
<feed xmlns="http://www.w3.org/2005/Atom">

    <title>Peter's Feed</title>
	<subtitle>A feed about several articles</subtitle>
	<link href="https://afsws.rpi.edu/AFS/home/40/krumpp/public_html/iit/iit/Labs/Index.html" />
	<id>urn:uuid:60a76c80-d399-11d9-b91C-0003939e0af6</id>
	<updated>2003-12-13T18:30:02Z</updated>
	<author>
		<name>Peter Krumpholz</name>
		<email>krumpp@rpi.edu</email>
	</author>

    <entry>
        <title>Eyeing Football’s Risks, a National Champion Eases Up</title>
        <link href="https://www.nytimes.com/2021/09/10/sports/ncaafootball/football-schedules-injuries.html" rel="alternate"/>
        <summary>Sam Houston State University shaved its schedule by a game because its leaders were wary of students taking too many snaps in 2021.</summary>
        <updated>2003-12-13T18:30:02Z</updated>
        <id>urn:uuid:60a76c80-a111-11d9-b91C-0003939e0af6</id>
    </entry>

    <entry> 
        <title>Why captions are everywhere on TikTok: 'Glasses for your ears' </title>
        <updated>2021-10-03T12:00:00Z</updated>
        <link href="https://www.latimes.com/business/technology/story/2021-09-23/subtitles-once-a-barrier-to-foreign-film-have-found-a-home-on-tiktok" rel="alternate"/>
        <summary>
        The written word is making a comeback in an unlikely place: TikTok. The reasons for that include accessibility concerns and changes in the way Americans consume media.>
        </summary>
        <id>urn:uuid:60a76c80-a222-11d9-b91C-0003939e0af6</id>
    </entry>

    <entry>
        <title>Tesla Deliveries Surge, Defying Supply-Chain Woes</title>
        <link href="https://www.wsj.com/articles/tesla-deliveries-surge-defying-supply-chain-woes-11633194328?mod=rss_Technology"/>
        <summary>The electric-vehicle maker provided a record number of vehicles in third quarter amid flagging global auto sales.></summary>
        <updated>2021-10-03T13:26:00Z</updated>
        <id>urn:uuid:60a76c80-a333-11d9-b91C-0003939e0af6</id>
    </entry>

    <entry>
        <title>
        Facebook On The Defensive After Bombshell Jan. 6 Accusation
        </title>
        <link href="https://www.huffpost.com/entry/facebook-whistleblower-jan-6-insurrection-memo_n_61591470e4b099230d241e17"/>
        <summary>
        Harsh complaints from an employee are expected to be aired on "60 Minutes," according to a memo obtained by The NYT.>
        </summary>
        <updated>2021-10-03T23:45:20Z</updated>
        <id>urn:uuid:60a76c80-a444-11d9-b91C-0003939e0af6</id>
    </entry>

    <entry>
        <title>‘Deathloop’: It’s campy and the mechanics are good, but nothing more than that</title>
        <link href="https://www.washingtonpost.com/arts-entertainment/2021/09/24/deathloop-its-campy-mechanics-are-good-nothing-more-than-that/"/>
        <id>urn:uuid:60a76c80-a555-11d9-b91C-0003939e0af6</id>
        <updated>2021-10-03T16:57:55Z</updated>
        <summary>It's difficult to imagine anyone who isn’t partial to video game tropes loving “Deathloop.”</summary>
    </entry>

 
</feed>