{
    "menuItem": [
        {
            "menuName": "Lab 2",
            "menuDesc": "Resume",
            "menuURL": "Lab2"
        },
        {
            "menuName": "Lab 3",
            "menuDesc": "Website",
            "menuURL": "index.html"
        },
        {
            "menuName": "Lab 4",
            "menuDesc": "XML/RSS",
            "menuURL": "Lab4"
        },
        {
            "menuName": "Lab 5",
            "menuDesc": "Lab 5",
            "menuURL": "Lab5"
        },
        {
            "menuName": "Lab 6",
            "menuDesc": "JQuery",
            "menuURL": "Lab 6"
        },
        {
            "menuName": "Lab 8",
            "menuDesc": "XAMPP",
            "menuURL": "Lab 8"
        }
    ]
}