<rss version="2.0">
<channel>
    <title>RSS Title</title>
    <description>This is an example of an RSS feed</description>
    <link>http://www.example.com/</link>
    <lastBuildDate>Tue, 12 Oct 2010 00:01:00 +0000 </lastBuildDate>
    <pubDate>Tue, 12 Oct 2010 00:01:00 +0000 </pubDate>

<item>
    <title>Eyeing Football’s Risks, a National Champion Eases Up</title>
    <link>https://www.nytimes.com/2021/09/10/sports/ncaafootball/football-schedules-injuries.html</link>
    <guid isPermaLink="true">https://www.nytimes.com/2021/09/10/sports/ncaafootball/football-schedules-injuries.html</guid>
    <description>Sam Houston State University shaved its schedule by a game because its leaders were wary of students taking too many snaps in 2021.</description>
    <pubDate>Fri, 10 Sep 2021 13:26:10 +0000</pubDate>
    <category domain="http://www.nytimes.com/namespaces/keywords/des">Football (College)</category>
    <category domain="http://www.nytimes.com/namespaces/keywords/des">Sports Injuries</category>
    <category domain="http://www.nytimes.com/namespaces/keywords/nyt_org">National Collegiate Athletic Assn</category>
    <category domain="http://www.nytimes.com/namespaces/keywords/nyt_org">Sam Houston State University</category>
    <category domain="http://www.nytimes.com/namespaces/keywords/nyt_geo">Huntsville (Tex)</category>
</item>
<item>
    <title>Why captions are everywhere on TikTok: 'Glasses for your ears' </title>
    <pubDate>Thu, 23 Sep 2021 12:00:06 GMT</pubDate>
    <link>https://www.latimes.com/business/technology/story/2021-09-23/subtitles-once-a-barrier-to-foreign-film-have-found-a-home-on-tiktok</link>
    <guid>https://www.latimes.com/business/technology/story/2021-09-23/subtitles-once-a-barrier-to-foreign-film-have-found-a-home-on-tiktok</guid>
    <description>
    <![CDATA[ <p>The written word is making a comeback in an unlikely place: TikTok. The reasons for that include accessibility concerns and changes in the way Americans consume media. </p> ]]>
    </description>
</item>
<item>
    <title>Tesla Deliveries Surge, Defying Supply-Chain Woes</title>
    <link>https://www.wsj.com/articles/tesla-deliveries-surge-defying-supply-chain-woes-11633194328?mod=rss_Technology</link>
    <description><![CDATA[The electric-vehicle maker provided a record number of vehicles in third quarter amid flagging global auto sales.]]></description>
    <pubDate>Sat, 02 Oct 2021 13:26:00 -0400</pubDate>
    <guid isPermaLink="false">SB10508081112953474223904588091110003695732</guid>
    <category domain="AccessClassName">PAID</category>
</item>
<item>
    <title>
    <![CDATA[ Facebook On The Defensive After Bombshell Jan. 6 Accusation ]]>
    </title>
    <link>https://www.huffpost.com/entry/facebook-whistleblower-jan-6-insurrection-memo_n_61591470e4b099230d241e17</link>
    <description>
    <![CDATA[ Harsh complaints from an employee are expected to be aired on "60 Minutes," according to a memo obtained by The NYT. ]]>
    </description>
    <pubDate>Sat, 02 Oct 2021 23:45:20 -0400</pubDate>
    <guid isPermaLink="true">https://www.huffpost.com/entry/facebook-whistleblower-jan-6-insurrection-memo_n_61591470e4b099230d241e17</guid>
    <comments>https://www.huffpost.com/entry/facebook-whistleblower-jan-6-insurrection-memo_n_61591470e4b099230d241e17#comments</comments>
</item>
<item>
    <title>‘Deathloop’: It’s campy and the mechanics are good, but nothing more than that</title>
    <link>https://www.washingtonpost.com/arts-entertainment/2021/09/24/deathloop-its-campy-mechanics-are-good-nothing-more-than-that/</link>
    <guid isPermaLink="true">https://www.washingtonpost.com/arts-entertainment/2021/09/24/deathloop-its-campy-mechanics-are-good-nothing-more-than-that/</guid>
    <pubDate>Fri, 24 Sep 2021 16:57:55 +0000</pubDate>
    <description>It's difficult to imagine anyone who isn’t partial to video game tropes loving “Deathloop.”</description>
</item>
</channel>
</rss>